angle,historgram
-89.8503820629529,4.51891338570029E-05
-59.9749033149541,3.3135241465386E-05
-35.4762891116736,0.000241125154682713
-26.6606174479424,0.000963816273022
-21.5803428009397,0.00139751532127231
-15.4472100985426,0.00400953353307337
-11.5540166723239,0.00684032989178224
-7.49941868700772,0.0133023010640032
-5.24095757617872,0.0186756249448755
-3.42966647334112,0.0243396284407716
-1.46947906337782,0.0298583222638867
0.642250630089833,0.0360305781324752
1.99867433910727,0.0396612707902917
4.69612698548455,0.0422746751997178
7.08183550579575,0.0409664662584558
9.01436043543684,0.0381333193907305
10.6471684043693,0.0350097942552913
13.1639730270772,0.0281820477184467
15.0902438307323,0.023460658607575
17.312863988796,0.0180129019411845
20.5779988400467,0.011620602266987
23.7019347700005,0.00769760271867392
28.3186824641257,0.00348350166910329
32.6446132999067,0.00166613631321946
37.5709402303336,0.000720026299401586
44.5899939329632,0.000208820723073183
53.1042648328358,0.000132760662082093
72.0749532945079,5.24817387539331E-05
87.0126926685073,4.64547925581246E-05
