-89.57943925233646, 0.0010967741935483805
-85.37383177570095, 0.0010322580645161297
-79.48598130841123, 0.0010967741935483805
-74.01869158878506, 0.0010967741935483805
-66.02803738317758, 0.0012903225806451604
-56.77570093457945, 0.0014193548387096758
-50.04672897196262, 0.0016129032258064488
-42.686915887850475, 0.0018709677419354864
-34.90654205607477, 0.002387096774193541
-28.387850467289724, 0.0034193548387096775
-21.448598130841134, 0.005032258064516126
-17.66355140186917, 0.006451612903225809
-13.668224299065429, 0.008129032258064509
-10.934579439252346, 0.009419354838709676
-7.359813084112162, 0.011354838709677417
-3.5747663551401985, 0.013290322580645157
0.4205607476635578, 0.015354838709677417
3.5747663551401843, 0.01651612903225806
6.728971962616811, 0.01735483870967742
9.672897196261658, 0.017612903225806446
13.247663551401871, 0.016838709677419354
17.87383177570092, 0.015419354838709674
21.028037383177548, 0.014129032258064514
24.39252336448598, 0.012774193548387092
27.33644859813083, 0.011483870967741932
30.070093457943898, 0.010129032258064514
34.906542056074755, 0.00825806451612903
38.9018691588785, 0.006580645161290324
42.47663551401868, 0.005677419354838703
47.31308411214951, 0.004322580645161292
52.990654205607456, 0.0032258064516128976
58.45794392523362, 0.002580645161290321
65.39719626168224, 0.0020000000000000018
71.91588785046727, 0.0016129032258064488
78.01401869158877, 0.001354838709677418
83.27102803738316, 0.001161290322580645
89.78971962616819, 0.0010967741935483805
