0,0
0.1,0.020817843866171
0.148837209302326,0.029739776951673
0.203488372093023,0.0386617100371747
0.25,0.0475836431226766
0.3,0.054275092936803
0.351162790697674,0.0631970260223049
0.387209302325581,0.0676579925650558
0.45,0.0765799256505577
0.493023255813954,0.0832713754646841
0.55,0.0899628252788105
0.616279069767442,0.0988847583643124
0.647674418604651,0.103345724907063
0.687209302325581,0.107806691449814
0.723255813953488,0.112267657992565
0.747674418604651,0.114498141263941
0.836046511627907,0.121189591078067
0.893023255813954,0.121189591078067
0.932558139534884,0.118959107806691
0.97093023255814,0.105576208178439
0.990697674418605,0.0810408921933086
0.997674418604651,0.0475836431226766
1,0
