-90.22613065326632, 0.002413793103448275
-84.12060301507537, 0.002551724137931033
-78.01507537688443, 0.0026896551724137907
-73.26633165829145, 0.002482758620689654
-68.51758793969849, 0.002482758620689654
-62.86432160804021, 0.0026896551724137907
-57.889447236180914, 0.003034482758620685
-52.46231155778895, 0.0029655172413793063
-47.71356783919599, 0.0028275862068965485
-43.417085427135675, 0.003655172413793102
-37.53768844221106, 0.0035862068965517233
-32.33668341708544, 0.004137931034482754
-27.8140703517588, 0.005241379310344824
-23.96984924623115, 0.005793103448275862
-19.447236180904525, 0.006413793103448279
-14.924623115577901, 0.0077931034482758635
-9.045226130653262, 0.008758620689655171
-4.522613065326638, 0.009448275862068964
-1.8090452261306638, 0.009999999999999998
1.1306532663316489, 0.011655172413793102
4.974874371859286, 0.011517241379310345
7.914572864321613, 0.01096551724137931
11.758793969849236, 0.01096551724137931
14.47236180904521, 0.011379310344827587
16.95979899497489, 0.010689655172413791
20.804020100502512, 0.010689655172413791
22.613065326633162, 0.009517241379310346
24.648241206030136, 0.009517241379310346
25.326633165829136, 0.008275862068965516
27.135678391959786, 0.009241379310344824
29.84924623115576, 0.008
33.919597989949736, 0.008
37.08542713567839, 0.007655172413793106
40.47738693467336, 0.007103448275862068
43.41708542713566, 0.0065517241379310365
48.16582914572864, 0.005724137931034483
52.23618090452261, 0.005448275862068967
55.17587939698491, 0.005793103448275862
58.34170854271356, 0.005379310344827581
62.864321608040186, 0.00482758620689655
65.80402010050251, 0.004275862068965512
71.45728643216079, 0.00379310344827586
75.75376884422111, 0.0035862068965517233
80.05025125628141, 0.0033103448275862077
83.21608040201004, 0.0033793103448275866
88.19095477386934, 0.0029655172413793063
